{
    "loss": 2.723215341567993,
    "accuracy": 0.5882353186607361
}