{
    "loss": 41.457969665527344,
    "accuracy": 0.5686274766921997
}